<?xml version="1.0" encoding="UTF-8"?>
<java version="14.0.2" class="java.beans.XMLDecoder">
 <object class="org.eclipse.epp.internal.mpc.ui.catalog.MarketplaceInfo" id="MarketplaceInfo0">
  <void property="iuToNodeKey">
   <void method="put">
    <string>com.github.sdbg.feature</string>
    <object class="java.util.ArrayList">
     <void method="add">
      <string>https://marketplace.eclipse.org#3107469</string>
     </void>
    </object>
   </void>
   <void method="put">
    <string>org.eclipse.wildwebdeveloper.embedder.node.feature</string>
    <object class="java.util.ArrayList">
     <void method="add">
      <string>https://marketplace.eclipse.org#2963400</string>
     </void>
    </object>
   </void>
   <void method="put">
    <string>com.gwtplugins.eclipse.sdkbundle.gwt27.feature</string>
    <object class="java.util.ArrayList">
     <void method="add">
      <string>https://marketplace.eclipse.org#3107469</string>
     </void>
    </object>
   </void>
   <void method="put">
    <string>ilg.gnumcueclipse.managedbuild.cross.riscv.feature</string>
    <object class="java.util.ArrayList">
     <void method="add">
      <string>https://marketplace.eclipse.org#2593184</string>
     </void>
    </object>
   </void>
   <void method="put">
    <string>org.eclipse.wst.xml_ui.feature</string>
    <object class="java.util.ArrayList">
     <void method="add">
      <string>https://marketplace.eclipse.org#2963400</string>
     </void>
    </object>
   </void>
   <void method="put">
    <string>com.gwtplugins.eclipse.sdkbundle.gwt28.feature</string>
    <object class="java.util.ArrayList">
     <void method="add">
      <string>https://marketplace.eclipse.org#3107469</string>
     </void>
    </object>
   </void>
   <void method="put">
    <string>org.eclipse.wst.web_ui.feature</string>
    <object class="java.util.ArrayList">
     <void method="add">
      <string>https://marketplace.eclipse.org#2963400</string>
     </void>
    </object>
   </void>
   <void method="put">
    <string>org.eclipse.egit</string>
    <object class="java.util.ArrayList">
     <void method="add">
      <string>https://marketplace.eclipse.org#2963400</string>
     </void>
    </object>
   </void>
   <void method="put">
    <string>org.gna.eclox.doxygen.feature.feature.group</string>
    <object class="java.util.ArrayList">
     <void method="add">
      <string>https://marketplace.eclipse.org#1536329</string>
     </void>
    </object>
   </void>
   <void method="put">
    <string>org.eclipse.wst.web_js_support.feature</string>
    <object class="java.util.ArrayList">
     <void method="add">
      <string>https://marketplace.eclipse.org#2963400</string>
     </void>
    </object>
   </void>
   <void method="put">
    <string>ilg.gnumcueclipse.debug.gdbjtag.qemu.feature</string>
    <object class="java.util.ArrayList">
     <void method="add">
      <string>https://marketplace.eclipse.org#2593184</string>
     </void>
    </object>
   </void>
   <void method="put">
    <string>ilg.gnumcueclipse.packs.feature</string>
    <object class="java.util.ArrayList">
     <void method="add">
      <string>https://marketplace.eclipse.org#2593184</string>
     </void>
    </object>
   </void>
   <void method="put">
    <string>com.axellience.vuegwt.eclipse.feature</string>
    <object class="java.util.ArrayList">
     <void method="add">
      <string>https://marketplace.eclipse.org#3923910</string>
     </void>
    </object>
   </void>
   <void method="put">
    <string>ilg.gnumcueclipse.managedbuild.cross.arm.feature</string>
    <object class="java.util.ArrayList">
     <void method="add">
      <string>https://marketplace.eclipse.org#2593184</string>
     </void>
    </object>
   </void>
   <void method="put">
    <string>ilg.gnumcueclipse.templates.freescale.feature</string>
    <object class="java.util.ArrayList">
     <void method="add">
      <string>https://marketplace.eclipse.org#2593184</string>
     </void>
    </object>
   </void>
   <void method="put">
    <string>octane.eclipse.feature</string>
    <object class="java.util.ArrayList">
     <void method="add">
      <string>https://marketplace.eclipse.org#3528014</string>
     </void>
    </object>
   </void>
   <void method="put">
    <string>com.genuitec.eclipse.code.feature</string>
    <object class="java.util.ArrayList">
     <void method="add">
      <string>https://marketplace.eclipse.org#4043068</string>
     </void>
    </object>
   </void>
   <void method="put">
    <string>ilg.gnumcueclipse.debug.gdbjtag.openocd.feature</string>
    <object class="java.util.ArrayList">
     <void method="add">
      <string>https://marketplace.eclipse.org#2593184</string>
     </void>
    </object>
   </void>
   <void method="put">
    <string>ilg.gnumcueclipse.templates.cortexm.feature</string>
    <object class="java.util.ArrayList">
     <void method="add">
      <string>https://marketplace.eclipse.org#2593184</string>
     </void>
    </object>
   </void>
   <void method="put">
    <string>com.genuitec.eclipse.code.navigation.feature</string>
    <object class="java.util.ArrayList">
     <void method="add">
      <string>https://marketplace.eclipse.org#4043068</string>
     </void>
    </object>
   </void>
   <void method="put">
    <string>org.eclipse.tips.feature</string>
    <object class="java.util.ArrayList">
     <void method="add">
      <string>https://marketplace.eclipse.org#2963400</string>
     </void>
    </object>
   </void>
   <void method="put">
    <string>com.genuitec.eclipse.code.pack.php</string>
    <object class="java.util.ArrayList">
     <void method="add">
      <string>https://marketplace.eclipse.org#4043068</string>
     </void>
    </object>
   </void>
   <void method="put">
    <string>org.eclipse.wst.xsl.feature</string>
    <object class="java.util.ArrayList">
     <void method="add">
      <string>https://marketplace.eclipse.org#2963400</string>
     </void>
    </object>
   </void>
   <void method="put">
    <string>ilg.gnumcueclipse.templates.stm.feature</string>
    <object class="java.util.ArrayList">
     <void method="add">
      <string>https://marketplace.eclipse.org#2593184</string>
     </void>
    </object>
   </void>
   <void method="put">
    <string>com.gwtplugins.eclipse.suite.v3.feature</string>
    <object class="java.util.ArrayList">
     <void method="add">
      <string>https://marketplace.eclipse.org#3107469</string>
     </void>
    </object>
   </void>
   <void method="put">
    <string>de.jcup.hijson</string>
    <object class="java.util.ArrayList">
     <void method="add">
      <string>https://marketplace.eclipse.org#5223289</string>
     </void>
    </object>
   </void>
   <void method="put">
    <string>org.eclipse.tm.terminal.feature</string>
    <object class="java.util.ArrayList">
     <void method="add">
      <string>https://marketplace.eclipse.org#2963400</string>
     </void>
    </object>
   </void>
   <void method="put">
    <string>ilg.gnumcueclipse.codered.feature</string>
    <object class="java.util.ArrayList">
     <void method="add">
      <string>https://marketplace.eclipse.org#2593184</string>
     </void>
    </object>
   </void>
   <void method="put">
    <string>com.cthing.cmakeed.feature</string>
    <object class="java.util.ArrayList">
     <void method="add">
      <string>https://marketplace.eclipse.org#2983824</string>
     </void>
    </object>
   </void>
   <void method="put">
    <string>de.yatta.eclipse.launcher.client.export</string>
    <object class="java.util.ArrayList">
     <void method="add">
      <string>https://marketplace.eclipse.org#3972196</string>
     </void>
    </object>
   </void>
   <void method="put">
    <string>org.gna.eclox.feature.feature.group</string>
    <object class="java.util.ArrayList">
     <void method="add">
      <string>https://marketplace.eclipse.org#1536329</string>
     </void>
    </object>
   </void>
   <void method="put">
    <string>ilg.gnumcueclipse.debug.gdbjtag.jlink.feature</string>
    <object class="java.util.ArrayList">
     <void method="add">
      <string>https://marketplace.eclipse.org#2593184</string>
     </void>
    </object>
   </void>
   <void method="put">
    <string>org.eclipselabs.stlipse.templates.feature</string>
    <object class="java.util.ArrayList">
     <void method="add">
      <string>https://marketplace.eclipse.org#114690</string>
     </void>
    </object>
   </void>
   <void method="put">
    <string>ilg.gnumcueclipse.templates.ad.feature</string>
    <object class="java.util.ArrayList">
     <void method="add">
      <string>https://marketplace.eclipse.org#2593184</string>
     </void>
    </object>
   </void>
   <void method="put">
    <string>org.eclipse.wildwebdeveloper.feature</string>
    <object class="java.util.ArrayList">
     <void method="add">
      <string>https://marketplace.eclipse.org#2963400</string>
     </void>
    </object>
   </void>
   <void method="put">
    <string>ilg.gnumcueclipse.debug.gdbjtag.pyocd.feature</string>
    <object class="java.util.ArrayList">
     <void method="add">
      <string>https://marketplace.eclipse.org#2593184</string>
     </void>
    </object>
   </void>
   <void method="put">
    <string>com.genuitec.eclipse.code.slack.feature</string>
    <object class="java.util.ArrayList">
     <void method="add">
      <string>https://marketplace.eclipse.org#4043068</string>
     </void>
    </object>
   </void>
   <void method="put">
    <string>org.eclipse.jdt.jeview.feature</string>
    <object class="java.util.ArrayList">
     <void method="add">
      <string>https://marketplace.eclipse.org#70031</string>
     </void>
    </object>
   </void>
   <void method="put">
    <string>com.genuitec.eclipse.code.extended.feature</string>
    <object class="java.util.ArrayList">
     <void method="add">
      <string>https://marketplace.eclipse.org#4043068</string>
     </void>
    </object>
   </void>
   <void method="put">
    <string>ilg.gnumcueclipse.templates.sifive.feature</string>
    <object class="java.util.ArrayList">
     <void method="add">
      <string>https://marketplace.eclipse.org#2593184</string>
     </void>
    </object>
   </void>
   <void method="put">
    <string>org.eclipselabs.stlipse.feature</string>
    <object class="java.util.ArrayList">
     <void method="add">
      <string>https://marketplace.eclipse.org#114690</string>
     </void>
    </object>
   </void>
   <void method="put">
    <string>org.eclipse.wst.server_adapters.feature</string>
    <object class="java.util.ArrayList">
     <void method="add">
      <string>https://marketplace.eclipse.org#2963400</string>
     </void>
    </object>
   </void>
  </void>
  <void property="nodeKeyToIU">
   <void method="put">
    <string>https://marketplace.eclipse.org#5223289</string>
    <object class="java.util.ArrayList">
     <void method="add">
      <string>de.jcup.hijson</string>
     </void>
    </object>
   </void>
   <void method="put">
    <string>https://marketplace.eclipse.org#114690</string>
    <object class="java.util.ArrayList">
     <void method="add">
      <string>org.eclipselabs.stlipse.feature</string>
     </void>
     <void method="add">
      <string>org.eclipselabs.stlipse.templates.feature</string>
     </void>
    </object>
   </void>
   <void method="put">
    <string>https://marketplace.eclipse.org#2983824</string>
    <object class="java.util.ArrayList">
     <void method="add">
      <string>com.cthing.cmakeed.feature</string>
     </void>
    </object>
   </void>
   <void method="put">
    <string>https://marketplace.eclipse.org#3528014</string>
    <object class="java.util.ArrayList">
     <void method="add">
      <string>octane.eclipse.feature</string>
     </void>
    </object>
   </void>
   <void method="put">
    <string>https://marketplace.eclipse.org#2593184</string>
    <object class="java.util.ArrayList">
     <void method="add">
      <string>ilg.gnumcueclipse.managedbuild.cross.arm.feature</string>
     </void>
     <void method="add">
      <string>ilg.gnumcueclipse.templates.stm.feature</string>
     </void>
     <void method="add">
      <string>ilg.gnumcueclipse.templates.freescale.feature</string>
     </void>
     <void method="add">
      <string>ilg.gnumcueclipse.debug.gdbjtag.jlink.feature</string>
     </void>
     <void method="add">
      <string>ilg.gnumcueclipse.debug.gdbjtag.openocd.feature</string>
     </void>
     <void method="add">
      <string>ilg.gnumcueclipse.debug.gdbjtag.qemu.feature</string>
     </void>
     <void method="add">
      <string>ilg.gnumcueclipse.templates.cortexm.feature</string>
     </void>
     <void method="add">
      <string>ilg.gnumcueclipse.packs.feature</string>
     </void>
     <void method="add">
      <string>ilg.gnumcueclipse.templates.ad.feature</string>
     </void>
     <void method="add">
      <string>ilg.gnumcueclipse.codered.feature</string>
     </void>
     <void method="add">
      <string>ilg.gnumcueclipse.managedbuild.cross.riscv.feature</string>
     </void>
     <void method="add">
      <string>ilg.gnumcueclipse.debug.gdbjtag.pyocd.feature</string>
     </void>
     <void method="add">
      <string>ilg.gnumcueclipse.templates.sifive.feature</string>
     </void>
    </object>
   </void>
   <void method="put">
    <string>https://marketplace.eclipse.org#70031</string>
    <object class="java.util.ArrayList">
     <void method="add">
      <string>org.eclipse.jdt.jeview.feature</string>
     </void>
    </object>
   </void>
   <void method="put">
    <string>https://marketplace.eclipse.org#4043068</string>
    <object class="java.util.ArrayList">
     <void method="add">
      <string>com.genuitec.eclipse.code.pack.php</string>
     </void>
     <void method="add">
      <string>com.genuitec.eclipse.code.feature</string>
     </void>
     <void method="add">
      <string>com.genuitec.eclipse.code.extended.feature</string>
     </void>
     <void method="add">
      <string>com.genuitec.eclipse.code.navigation.feature</string>
     </void>
     <void method="add">
      <string>com.genuitec.eclipse.code.slack.feature</string>
     </void>
    </object>
   </void>
   <void method="put">
    <string>https://marketplace.eclipse.org#1536329</string>
    <object class="java.util.ArrayList">
     <void method="add">
      <string>org.gna.eclox.feature.feature.group</string>
     </void>
     <void method="add">
      <string>org.gna.eclox.doxygen.feature.feature.group</string>
     </void>
    </object>
   </void>
   <void method="put">
    <string>https://marketplace.eclipse.org#3923910</string>
    <object class="java.util.ArrayList">
     <void method="add">
      <string>com.axellience.vuegwt.eclipse.feature</string>
     </void>
    </object>
   </void>
   <void method="put">
    <string>https://marketplace.eclipse.org#3107469</string>
    <object class="java.util.ArrayList">
     <void method="add">
      <string>com.gwtplugins.eclipse.suite.v3.feature</string>
     </void>
     <void method="add">
      <string>com.gwtplugins.eclipse.sdkbundle.gwt27.feature</string>
     </void>
     <void method="add">
      <string>com.gwtplugins.eclipse.sdkbundle.gwt28.feature</string>
     </void>
     <void method="add">
      <string>com.github.sdbg.feature</string>
     </void>
    </object>
   </void>
   <void method="put">
    <string>https://marketplace.eclipse.org#2963400</string>
    <object class="java.util.ArrayList">
     <void method="add">
      <string>org.eclipse.wst.web_ui.feature</string>
     </void>
     <void method="add">
      <string>org.eclipse.wst.xsl.feature</string>
     </void>
     <void method="add">
      <string>org.eclipse.wildwebdeveloper.feature</string>
     </void>
     <void method="add">
      <string>org.eclipse.wst.server_adapters.feature</string>
     </void>
     <void method="add">
      <string>org.eclipse.tm.terminal.feature</string>
     </void>
     <void method="add">
      <string>org.eclipse.egit</string>
     </void>
     <void method="add">
      <string>org.eclipse.tips.feature</string>
     </void>
     <void method="add">
      <string>org.eclipse.wst.xml_ui.feature</string>
     </void>
     <void method="add">
      <string>org.eclipse.wildwebdeveloper.embedder.node.feature</string>
     </void>
     <void method="add">
      <string>org.eclipse.wst.web_js_support.feature</string>
     </void>
    </object>
   </void>
   <void method="put">
    <string>https://marketplace.eclipse.org#3972196</string>
    <object class="java.util.ArrayList">
     <void method="add">
      <string>de.yatta.eclipse.launcher.client.export</string>
     </void>
    </object>
   </void>
  </void>
 </object>
</java>
